Date,College Name,Acceptance Rate
2024-05-01 22:47:48,UNIVERSITY-OF-CHICAGO,5
2024-05-02 01:10:44,MISSISSIPPI-STATE-UNIVERSITY,70
2024-05-02 06:11:21,ROSE-HULMAN,73
2024-05-02 14:40:53,DENISON,22
2024-05-02 15:21:17,UNIVERSITY-OF-CHICAGO,5
2024-05-02 19:49:51,SETON-HALL,75
2024-05-02 14:08:29,WORCESTER-POLYTECHNIC-INSTITUTE,57
2024-05-03 00:05:53,DU,61
2024-05-03 13:01:29,FULL-SAIL-UNIVERSITY,69
2024-05-03 20:53:14,ROSE-HULMAN,73
2024-05-04 18:01:25,EMBRY-RIDDLE-AERONAUTICAL-UNIVERSITY,65
2024-05-05 16:09:39,LAFAYETTE-COLLEGE,34
2024-05-05 22:07:50,UNIVERSITY-OF-CHICAGO,5
2024-05-06 19:48:56,OREGON-STATE-UNIVERSITY,83
2024-05-06 20:23:19,ROSE-HULMAN,73
2024-05-06 18:07:03,WESTMINSTER-UNIVERSITY,97
2024-05-06 22:37:01,SYRACUSE-UNIVERSITY,52
2024-05-06 22:41:58,WILLIAMS-COLLEGE,8
2024-05-07 00:28:19,COLORADO-SCHOOL-OF-MINES,58
2024-05-07 16:25:44,UNION-COLLEGE,53
2024-05-07 22:00:24,UNIVERSITY-OF-CHICAGO,5
2024-05-08 18:19:24,UNIVERSITY-OF-COLORADO-DENVER,75
2024-05-08 18:55:00,ANDREW-APOLLONIO-XAVIER-UNIVERSITY-STUDENT,51
2024-05-08 19:47:08,ROSE-HULMAN,73
2024-05-08 22:35:35,UNIVERSITY-OF-CHICAGO,5
2024-05-08 22:45:59,DREXEL-UNIVERSITY,80
2024-05-09 06:15:05,ROSE-HULMAN,73
2024-05-09 13:11:26,COLBY-COLLEGE,8
2024-05-09 16:48:41,CREIGHTON-UNIVERSITY,76
2024-05-09 18:08:18,SETON-HALL,75
2024-05-09 20:00:24,SETON-HALL,75
2024-05-09 20:10:22,COLUMBIA,4
2024-05-09 16:59:50,FORT-LEWIS-COLLEGE,91
2024-05-10 14:15:48,JOHNS-HOPKINS-UNIVERSITY,7
2024-05-10 15:13:34,EMBRY-RIDDLE-AERONAUTICAL-UNIVERSITY,65
2024-05-10 16:12:58,WESTERN-WASHINGTON-UNIVERSITY,93
2024-05-10 18:50:25,GETTYSBURG-COLLEGE,56
2024-05-10 14:06:14,WORCESTER-POLYTECHNIC-INSTITUTE,57
2024-05-10 20:48:26,ROSE-HULMAN,73
2024-05-10 23:22:03,UNIVERSITY-OF-CHICAGO,5
2024-05-11 06:11:08,COLGATE-UNIVERSITY,12
2024-05-11 18:28:47,MISSISSIPPI-STATE-UNIVERSITY,70
2024-05-13 16:40:11,LAFAYETTE-COLLEGE,34
2024-05-13 13:00:00,WHEATON-COLLEGE,89
2024-05-13 19:26:30,MISSISSIPPI-STATE-UNIVERSITY,70
2024-05-13 20:15:00,UNIVERSITY-OF-CHICAGO,5
2024-05-13 22:25:49,ROLLINS-COLLEGE,50
2024-05-13 22:37:25,WILLIAMS-COLLEGE,8
2024-05-13 22:52:03,UNIVERSITY-OF-CHICAGO,5
2024-05-14 21:09:59,RICE,9
2024-05-14 23:24:10,CHAPMAN-UNIVERSITY-EVENTS-&-TOURS,73
2024-05-15 00:10:14,UNIVERSITY-OF-COLORADO-DENVER,75
2024-05-15 15:24:42,COLORADO-MESA-UNIVERSITY,64
2024-05-15 16:19:34,SETON-HALL,75
2024-05-15 11:06:19,EMBRY-RIDDLE-AERONAUTICAL-UNIVERSITY,65
2024-05-15 20:16:25,FIT,86
2024-05-15 23:37:11,SYRACUSE-UNIVERSITY,52
2024-05-16 06:03:01,ROSE-HULMAN,73
2024-05-16 06:31:14,COLUMBIA,4
2024-05-16 14:28:01,UNIVERSITY-OF-OREGON,86
2024-05-16 16:36:22,UC-SAN-DIEGO,53
2024-05-16 13:00:00,DRURY-UNIVERSITY,63
2024-05-16 11:04:06,EMBRY-RIDDLE-AERONAUTICAL-UNIVERSITY,65
2024-05-16 18:44:57,JULIE-NELSON-ASSISTANT-DEAN,75
2024-05-16 18:08:30,WESTMINSTER-UNIVERSITY,97
2024-05-16 19:14:18,COLGATE-UNIVERSITY,12
2024-05-16 19:27:20,NORTHEASTERN-UNIVERSITY,7
2024-05-16 22:11:04,SETON-HALL,75
2024-05-16 23:09:14,UNIVERSITY-OF-CHICAGO,5
2024-05-17 14:09:26,WESTERN-WASHINGTON-UNIVERSITY,93
2024-05-17 16:27:12,FIT,86
2024-05-17 14:01:35,FULL-SAIL-UNIVERSITY,69
2024-05-17 19:26:32,ROSE-HULMAN,73
2024-05-17 19:59:52,TRINITY-UNIVERSITY,31
2024-05-17 20:19:54,UNIVERSITY-OF-CHICAGO,5
2024-05-18 00:10:53,GATECH,97
2024-05-18 14:59:21,OREGONSTATE,83
2024-05-18 11:33:45,IOWA-UNIVERSITY-OF-IOWA,86
2024-05-19 14:24:55,JOHNS-HOPKINS-UNIVERSITY,7
2024-05-19 14:58:48,ROWAN-UNIVERSITY,77
2024-05-20 14:40:13,COLGATE-UNIVERSITY,12
2024-05-20 18:18:12,ELLEN-SWEENEY-UNIVERSITY-OF-COLORADO-DENVER,14
2024-05-20 19:33:29,ROSE-HULMAN,73
2024-05-20 14:57:07,COLLEGE-BOARD,60
2024-05-20 22:41:35,WILLIAMS-COLLEGE,8
2024-05-20 18:01:23,EMBRY-RIDDLE-AERONAUTICAL-UNIVERSITY,65
2024-05-21 00:58:10,COLORADO-SCHOOL-OF-MINES,58
2024-05-21 14:30:30,COLUMBIA,4
2024-05-21 16:26:36,HASTINGS,71
2024-05-21 16:35:13,LAFAYETTE-COLLEGE,34
2024-05-21 17:06:37,UNIVERSITY-OF-DENVER,78
2024-05-21 17:01:30,FORT-LEWIS-COLLEGE,91
2024-05-21 21:16:59,RICE,9
2024-05-21 23:00:00,COLORADO-STATE-UNIVERSITY,91
2024-05-22 09:09:20,MISSISSIPPI-STATE,70
2024-05-22 14:24:42,DENISON,22
2024-05-22 21:22:18,ROSE-HULMAN,73
2024-05-23 20:12:58,RICE,9
2024-05-23 21:00:00,WASHINGTON-STATE-UNIVERSITY,83
2024-05-23 22:17:38,FLORIDA-POLYTECHNIC-UNIVERSITY,47
2024-05-23 22:19:47,SETON-HALL,75
2024-05-23 22:32:18,TRINITY-UNIVERSITY,31
2024-05-24 00:44:24,UNIVERSITY-OF-DENVER,78
2024-05-24 09:03:00,WORCESTER-POLYTECHNIC-INSTITUTE,57
2024-05-24 15:39:32,MISSISSIPPI-STATE-UNIVERSITY,70
2024-05-24 16:13:49,BUCKNELL-UNIVERSITY,33
2024-05-24 16:18:17,SETON-HALL,75
2024-05-24 18:02:05,GETTYSBURG-COLLEGE,56
2024-05-24 18:36:04,UNIVERSITY-OF-CHICAGO,5
2024-05-24 19:48:22,ROSE-HULMAN,73
2024-05-25 16:39:16,COLBY-COLLEGE,8
2024-05-25 18:46:36,MISSISSIPPI-STATE-UNIVERSITY,70
2024-05-26 00:24:57,GETTYSBURG-COLLEGE,56
2024-05-26 14:06:48,JOHNS-HOPKINS-UNIVERSITY,7
2024-05-26 17:47:28,UNC,62
2024-05-26 18:09:57,WESTMINSTER-UNIVERSITY,97
2024-05-27 18:10:16,WESTERN-WASHINGTON-UNIVERSITY,93
2024-05-27 21:58:59,UNIVERSITY-OF-CHICAGO,5
2024-05-27 22:34:42,WILLIAMS-COLLEGE,8
2024-05-28 14:39:01,COLUMBIA,4
2024-05-28 18:49:37,UNIVERSITY-OF-COLORADO-DENVER,75
2024-05-28 19:25:13,ROSE-HULMAN,73
2024-05-28 19:31:10,NORTHEASTERN-UNIVERSITY,7
2024-05-28 21:17:49,SETON-HALL,75
2024-05-28 16:37:52,IOWA-UNIVERSITY-OF-IOWA,86
2024-05-29 15:31:17,COLGATE-UNIVERSITY,12
2024-05-29 16:28:14,LAFAYETTE-COLLEGE,34
2024-05-29 17:27:05,FIT,86
2024-05-29 18:43:01,UNION-COLLEGE,53
2024-05-29 20:57:39,UNIVERSITY-OF-CHICAGO,5
2024-05-30 14:16:52,COLGATE-UNIVERSITY,12
2024-05-30 19:33:31,UNIVERSITY-OF-CHICAGO,5
2024-05-30 21:19:22,FIT,86
2024-05-30 22:21:38,SETON-HALL,75
2024-05-30 22:51:47,WILLIAMS-COLLEGE,8
2024-05-30 23:10:17,TEXAS-TECH-UNIVERSITY,67
2024-05-31 14:36:55,LAUREN-PARCELL-DEAN,75
2024-05-31 17:04:53,UNIVERSITY-OF-DENVER,78
2024-05-31 17:37:20,HASTINGS,71
2024-05-31 19:46:44,ROWAN-UNIVERSITY,77
2024-05-31 20:03:36,GATECH,97
2024-05-31 17:10:35,FULL-SAIL-UNIVERSITY,69
2024-06-01 18:16:35,UNIVERSITY-OF-CHICAGO,5
2024-06-02 14:05:57,JOHNS-HOPKINS-UNIVERSITY,7
2024-06-02 15:30:47,SETON-HALL,75
2024-06-03 16:45:14,CREIGHTON-UNIVERSITY,76
2024-06-03 18:37:33,COLORADO-SCHOOL-OF-MINES,58
2024-06-03 19:12:01,MISSISSIPPI-STATE-UNIVERSITY,70
2024-06-03 19:19:36,SETON-HALL-UNIVERSITY,75
2024-06-03 19:28:36,ROSE-HULMAN,73
2024-06-03 17:04:08,FORT-LEWIS-COLLEGE,91
2024-06-03 22:37:11,WILLIAMS-COLLEGE,8
2024-06-04 09:12:00,ARIZONA-STATE-UNIVERSITY,90
2024-06-04 11:06:15,EMBRY-RIDDLE-AERONAUTICAL-UNIVERSITY,65
2024-06-04 21:15:38,RICE,9
2024-06-04 22:12:03,DREXEL-UNIVERSITY,80
2024-06-04 18:02:25,EMBRY-RIDDLE-AERONAUTICAL-UNIVERSITY,65
2024-06-05 18:18:17,UNION-COLLEGE,53
2024-06-05 14:30:00,HAWAI‘I-PACIFIC-UNIVERSITY,85
2024-06-05 18:39:36,JULIE-NELSON-ASSISTANT-DEAN,75
2024-06-05 19:30:21,NORTHEASTERN-UNIVERSITY,7
2024-06-05 19:32:32,ROSE-HULMAN,73
2024-06-05 22:07:03,DREXEL-UNIVERSITY,80
2024-06-06 09:14:59,EMBRY-RIDDLE-AERONAUTICAL-UNIVERSITY,65
2024-06-06 20:12:32,TRINITY-UNIVERSITY,31
2024-06-06 21:15:22,RICE,9
2024-06-06 22:26:43,SETON-HALL,75
2024-06-07 00:10:24,DU,61
2024-06-07 14:59:45,JOHNS-HOPKINS-UNIVERSITY,7
2024-06-07 16:07:10,COLUMBIA,4
2024-06-07 19:03:44,ROSE-HULMAN,73
2024-06-07 22:08:00,UNIVERSITY-OF-CHICAGO,5
2024-06-08 07:27:50,NORTHEASTERN,7
2024-06-08 14:30:37,CLEMSON-UNIVERSITY,43
2024-06-08 15:18:00,SETON-HALL,75
2024-06-09 14:14:11,COLGATE-UNIVERSITY,12
2024-06-09 14:31:08,DENISON,22
2024-06-09 20:34:09,UNC,62
2024-06-10 15:20:29,GEORGE-MASON-UNIVERSITY,90
2024-06-10 12:00:00,DRURY-UNIVERSITY,63
2024-06-10 19:29:36,NORTHEASTERN-UNIVERSITY,7
2024-06-10 21:09:52,ROSE-HULMAN,73
2024-06-10 22:05:16,WILLIAMS-COLLEGE,8
2024-06-11 14:01:51,WORCESTER-POLYTECHNIC-INSTITUTE,57
2024-06-12 14:30:35,CLEMSON-UNIVERSITY,43
2024-06-12 11:00:00,WHEATON-COLLEGE,89
2024-06-12 19:48:21,XAVIER-UNIVERSITY,84
2024-06-12 21:00:00,WASHINGTON-STATE-UNIVERSITY,83
2024-06-12 16:24:46,ARIZONA-STATE-UNIVERSITY,90
2024-06-13 06:03:49,COLUMBIA,4
2024-06-13 13:15:44,COLBY-COLLEGE,8
2024-06-13 14:49:29,CLEMSON-UNIVERSITY,43
2024-06-13 17:14:40,RICE,9
2024-06-13 20:16:56,TRINITY-UNIVERSITY,31
2024-06-13 22:28:44,SETON-HALL,75
2024-06-14 13:09:33,COLGATE-UNIVERSITY,12
2024-06-14 14:20:23,JOHNS-HOPKINS-UNIVERSITY,7
2024-06-14 15:01:07,EMBRY-RIDDLE-AERONAUTICAL-UNIVERSITY,65
2024-06-14 09:02:55,WORCESTER-POLYTECHNIC-INSTITUTE,57
2024-06-14 15:49:49,ROSE-HULMAN,73
2024-06-14 16:08:09,UC-SAN-DIEGO,53
2024-06-14 14:01:13,FULL-SAIL-UNIVERSITY,69
2024-06-14 19:07:17,COLUMBIA,4
2024-06-15 14:38:15,CLEMSON-UNIVERSITY,43
2024-06-15 16:36:41,DAVIDSON-COLLEGE,17
2024-06-16 18:15:50,WESTERN-WASHINGTON-UNIVERSITY,93
2024-06-16 19:30:00,WASHINGTON-STATE-UNIVERSITY,83
2024-06-16 19:36:32,UNC,62
2024-06-17 14:09:57,COLBY-COLLEGE,8
2024-06-17 16:34:46,CREIGHTON-UNIVERSITY,76
2024-06-17 17:11:12,UNIVERSITY-OF-COLORADO-DENVER,75
2024-06-17 19:28:51,ROSE-HULMAN,73
2024-06-17 13:01:48,ELON-UNIVERSITY,74
2024-06-17 22:10:13,TRINITY-UNIVERSITY,31
2024-06-17 17:31:00,UNIVERSITY-OF-WASHINGTON,48
2024-06-17 23:10:22,WESTERN-WASHINGTON-UNIVERSITY,93
2024-06-18 06:18:56,COLUMBIA,4
2024-06-18 12:44:11,IOWA-UNIVERSITY-OF-IOWA,86
2024-06-18 20:00:00,COLORADO-STATE-UNIVERSITY,91
2024-06-18 20:05:39,COLORADO-MESA-UNIVERSITY,64
2024-06-18 21:19:40,RICE,9
2024-06-18 22:13:42,LAFAYETTE-COLLEGE,34
2024-06-19 00:39:38,COLORADO-SCHOOL-OF-MINES,58
2024-06-19 18:58:37,JULIE-NELSON-ASSISTANT-DEAN,75
2024-06-19 18:03:24,EMBRY-RIDDLE-AERONAUTICAL-UNIVERSITY,65
2024-06-20 16:13:02,SETON-HALL,75
2024-06-20 17:18:06,ROWAN-UNIVERSITY,77
2024-06-20 17:58:13,ROSE-HULMAN,73
2024-06-20 18:17:17,COLGATE-UNIVERSITY,12
2024-06-20 19:31:07,EBONY-CLINTON-BROWN—DEAN,5
2024-06-20 20:44:35,UNIVERSITY-OF-CHICAGO,5
2024-06-20 22:16:41,TRINITY-UNIVERSITY,31
2024-06-20 22:32:10,SETON-HALL,75
2024-06-20 23:46:27,UNIVERSITY-OF-CHICAGO,5
2024-06-21 14:13:34,JOHNS-HOPKINS-UNIVERSITY,7
2024-06-21 14:34:47,WESTERN-WASHINGTON-UNIVERSITY,93
2024-06-21 14:47:46,CLEMSON-UNIVERSITY,43
2024-06-21 16:27:47,ROSE-HULMAN,73
2024-06-22 09:05:37,MISSISSIPPI-STATE,70
2024-06-22 18:12:44,LAFAYETTE-COLLEGE,34
2024-06-23 16:39:57,OIT,66
2024-06-23 19:29:29,JOHNS-HOPKINS-UNIVERSITY,7
2024-06-23 23:14:24,TEXAS-TECH-UNIVERSITY,67
2024-06-24 09:11:12,EMBRY-RIDDLE-AERONAUTICAL-UNIVERSITY,65
2024-06-24 19:31:33,ROSE-HULMAN,73
2024-06-24 20:10:13,MISSISSIPPI-STATE-UNIVERSITY,70
2024-06-24 22:04:53,WILLIAMS-COLLEGE,8
2024-06-24 22:17:01,UNIVERSITY-OF-CHICAGO,5
2024-06-24 22:33:17,DREXEL-UNIVERSITY,80
2024-06-24 22:40:35,OMAR-MORENO-GETTYSBURG-COLLEGE,56
2024-06-25 00:25:41,CHAPMAN-UNIVERSITY,73
2024-06-25 15:33:15,COLGATE-UNIVERSITY,12
2024-06-26 16:19:24,WESTERN-WASHINGTON-UNIVERSITY,93
2024-06-26 17:01:28,CREIGHTON-UNIVERSITY,76
2024-06-26 19:22:17,NORTHEASTERN-UNIVERSITY,7
2024-06-26 20:08:10,ROSE-HULMAN,73
2024-06-26 21:04:58,COLBY-COLLEGE,8
2024-06-26 23:10:47,UNIVERSITY-OF-COLORADO-BOULDER,79
2024-06-27 14:28:43,COLUMBIA,4
2024-06-27 22:01:20,BUCKNELL-UNIVERSITY,33
2024-06-27 22:39:43,SETON-HALL,75
2024-06-28 20:06:40,GATECH,97
2024-06-28 21:24:30,COLGATE-UNIVERSITY,12
2024-06-28 20:08:23,ARIZONA-STATE-UNIVERSITY,90
2024-06-29 16:12:12,DAVIDSON-COLLEGE,17
2024-06-30 14:26:15,DENISON,22
2024-06-30 17:39:30,XAVIER-UNIVERSITY,84
2024-06-30 21:00:00,WASHINGTON-STATE-UNIVERSITY,83
2024-07-01 16:00:00,SAINT-LOUIS-UNIVERSITY,85
2024-07-01 19:13:00,EBONY-CLINTON-BROWN—DEAN,5
2024-07-01 20:04:43,MISSISSIPPI-STATE-UNIVERSITY,70
2024-07-01 20:07:54,MISSISSIPPI-STATE-UNIVERSITY,70
2024-07-01 20:41:38,UNIVERSITY-OF-CHICAGO,5
2024-07-01 21:02:39,MISSISSIPPI-STATE-UNIVERSITY,70
2024-07-02 09:04:29,WORCESTER-POLYTECHNIC-INSTITUTE,57
2024-07-02 20:46:50,DREXEL-UNIVERSITY,80
2024-07-02 22:00:00,MIAMI-UNIVERSITY,100
2024-07-03 14:12:42,WESTERN,27
2024-07-03 16:26:42,SETON-HALL,75
2024-07-03 18:26:37,ROSE-HULMAN,73
2024-07-03 14:10:46,WORCESTER-POLYTECHNIC-INSTITUTE,57
2024-07-03 20:57:36,WASHINGTON-STATE-UNIVERSITY,83
2024-07-03 21:04:16,UNC,62
2024-07-04 14:09:34,COLUMBIA,4
2024-07-04 18:08:09,UNION-COLLEGE,53
2024-07-04 22:42:57,SETON-HALL,75
2024-07-05 20:35:02,NORTHEASTERN,7
2024-07-06 15:20:48,SETON-HALL,75
2024-07-07 23:14:04,TEXAS-TECH-UNIVERSITY,67
2024-07-08 15:24:47,GEORGE-MASON-UNIVERSITY,90
2024-07-08 17:02:48,CREIGHTON-UNIVERSITY,76
2024-07-08 18:56:59,CREIGHTON-UNIVERSITY,76
2024-07-08 20:05:10,COLGATE-UNIVERSITY,12
2024-07-08 20:10:39,ROSE-HULMAN,73
2024-07-08 21:11:28,UNIVERSITY-OF-OREGON,86
2024-07-08 21:24:01,TRINITY-UNIVERSITY,31
2024-07-08 22:03:32,UNIVERSITY-OF-CHICAGO,5
2024-07-08 22:10:21,UNIVERSITY-OF-COLORADO-DENVER,75
2024-07-08 21:25:09,ROLLINS-COLLEGE,50
2024-07-08 23:10:58,TEXAS-TECH-UNIVERSITY,67
2024-07-08 23:49:54,DU,61
2024-07-09 00:20:22,CHAPMAN-UNIVERSITY,73
2024-07-09 15:40:40,COLGATE-UNIVERSITY,12
2024-07-09 17:03:28,COLUMBIA,4
2024-07-09 18:14:52,GETTYSBURG-COLLEGE,56
2024-07-09 15:00:00,HAWAI‘I-PACIFIC-UNIVERSITY,85
2024-07-09 15:01:55,UNIVERSITY-OF-WASHINGTON,48
2024-07-09 13:22:00,ELON-UNIVERSITY,74
2024-07-09 22:47:35,DREXEL-UNIVERSITY,80
2024-07-10 17:49:14,NORTHEASTERN,7
2024-07-10 18:46:29,ROSE-HULMAN,73
2024-07-10 14:34:15,IOWA-UNIVERSITY-OF-IOWA,86
2024-07-10 21:28:20,NORTHERN-ARIZONA-UNIVERSITY,80
2024-07-11 08:00:00,WASHINGTON-STATE-UNIVERSITY,83
2024-07-11 13:11:39,COLBY-COLLEGE,8
2024-07-11 19:25:50,NORTHEASTERN-UNIVERSITY,7
2024-07-11 15:38:59,EMBRY-RIDDLE-AERONAUTICAL-UNIVERSITY,65
2024-07-11 22:44:35,SETON-HALL,75
2024-07-11 23:34:15,UNIVERSITY-OF-COLORADO-BOULDER,79
2024-07-12 00:18:53,UNIVERSITY-OF-CHICAGO,5
2024-07-12 00:47:06,UNIVERSITY-OF-ADVANCING-TECHNOLOGY,91
2024-07-12 18:26:02,BUCKNELL-UNIVERSITY,33
2024-07-12 19:30:05,ROSE-HULMAN,73
2024-07-12 23:04:33,WILLAMETTE-UNIVERSITY,81
2024-07-13 15:14:43,RICE,9
2024-07-13 16:39:37,DAVIDSON-COLLEGE,17
2024-07-13 17:48:31,ROLANDO-ROJAS-REGIONAL-RECRUITMENT-DIRECTOR,96
2024-07-14 16:24:39,UC-SAN-DIEGO,53
2024-07-14 17:08:43,COLGATE-UNIVERSITY,12
2024-07-14 20:03:41,UNC,62
2024-07-14 22:31:26,UNIVERSITY-OF-CHICAGO,5
2024-07-14 23:14:14,TEXAS-TECH-UNIVERSITY,67
2024-07-15 14:09:02,COLBY-COLLEGE,8
2024-07-15 13:00:00,WHEATON-COLLEGE,89
2024-07-15 20:38:20,ROSE-HULMAN,73
2024-07-15 21:28:19,NORTHERN-ARIZONA-UNIVERSITY,80
2024-07-16 01:19:43,DREXEL-UNIVERSITY,80
2024-07-15 20:43:25,ARIZONA-STATE-UNIVERSITY,90
2024-07-16 13:13:51,COLGATE-UNIVERSITY,12
2024-07-16 16:45:19,CREIGHTON-UNIVERSITY,76
2024-07-16 20:00:00,COLORADO-STATE-UNIVERSITY,91
2024-07-16 20:12:33,CREIGHTON-UNIVERSITY,76
2024-07-16 19:36:26,EMBRY-RIDDLE-AERONAUTICAL-UNIVERSITY,65
2024-07-17 17:44:55,NORTHEASTERN,7
2024-07-17 18:37:03,UNIVERSITY-OF-CHICAGO,5
2024-07-17 19:29:14,UNIVERSITY-OF-CHICAGO,5
2024-07-17 20:23:25,ROSE-HULMAN,73
2024-07-17 21:00:00,WASHINGTON-STATE-UNIVERSITY,83
2024-07-17 21:23:11,DREXEL-UNIVERSITY,80
2024-07-17 21:29:56,UNIVERSITY-OF-OREGON,86
2024-07-17 21:42:00,WILLAMETTE-UNIVERSITY,81
2024-07-17 21:46:54,TULANE-UNIVERSITY,11
2024-07-17 22:00:00,MIAMI-UNIVERSITY,100
2024-07-18 09:20:28,NORTHERN-ARIZONA-UNIVERSITY,80
2024-07-18 15:38:20,DREXEL-COLLEGE-OF-COMPUTING-&-INFORMATICS,80
2024-07-18 22:47:36,SETON-HALL,75
2024-07-18 23:23:36,TEXAS-TECH-UNIVERSITY,67
2024-07-18 22:43:06,RENSSELAER-POLYTECHNIC-INSTITUTE,65
2024-07-19 09:02:55,WORCESTER-POLYTECHNIC-INSTITUTE,57
2024-07-19 17:21:42,ROSE-HULMAN,73
2024-07-19 17:26:21,MISSISSIPPI-STATE-UNIVERSITY,70
2024-07-19 19:13:00,COLUMBIA,4
2024-07-19 20:00:00,WASHINGTON-STATE-UNIVERSITY,83
2024-07-20 01:59:06,UNIVERSITY-OF-ADVANCING-TECHNOLOGY,91
2024-07-20 16:27:30,DAVIDSON-COLLEGE,17
2024-07-21 16:46:24,OIT,66
2024-07-21 17:47:46,XAVIER-UNIVERSITY,84
2024-07-21 20:32:15,UNC,62
2024-07-21 23:15:16,TEXAS-TECH-UNIVERSITY,67
2024-07-22 11:00:00,DRURY-UNIVERSITY,63
2024-07-22 18:47:36,CREIGHTON-UNIVERSITY,76
2024-07-22 19:01:32,COLUMBIA,4
2024-07-22 19:23:50,ROSE-HULMAN,73
2024-07-22 21:42:00,WILLAMETTE-UNIVERSITY,81
2024-07-22 22:54:53,COLUMBIA,4
2024-07-23 16:58:41,MONTANA-STATE-UNIVERSITY,73
2024-07-23 17:01:52,COLBY-COLLEGE-OF-AND-FINANCIAL-AID,8
2024-07-23 18:31:22,STEVENS-INSTITUTE-OF-TECHNOLOGY,46
2024-07-23 21:28:19,NORTHERN-ARIZONA-UNIVERSITY,80
2024-07-23 22:43:06,RENSSELAER-POLYTECHNIC-INSTITUTE,65
2024-07-24 14:13:53,COLBY-COLLEGE,8
2024-07-24 10:53:41,IOWA-UNIVERSITY-OF-IOWA,86
2024-07-24 15:59:43,DREXEL-COLLEGE-OF-COMPUTING-&-INFORMATICS,80
2024-07-24 16:22:25,NORTHEASTERN,7
2024-07-24 19:03:51,CHAPMAN-UNIVERSITY,73
2024-07-24 19:24:06,ROSE-HULMAN,73
2024-07-24 21:38:03,UNIVERSITY-OF-CHICAGO,5
2024-07-24 22:00:23,EBONY-CLINTON-BROWN—DEAN,5
2024-07-25 14:22:37,MISSISSIPPI-STATE-UNIVERSITY,70
2024-07-25 15:51:51,COLORADO-SCHOOL-OF-MINES,58
2024-07-25 18:41:46,OREGON-STATE-UNIVERSITY,83
2024-07-25 20:05:09,OMAR-MORENO-GETTYSBURG-COLLEGE,56
2024-07-25 20:17:13,JOHNS-HOPKINS-UNIVERSITY,7
2024-07-25 20:32:40,SYRACUSE-UNIVERSITY,52
2024-07-25 15:07:52,ELON-UNIVERSITY,74
2024-07-25 22:55:31,SETON-HALL,75
2024-07-25 23:25:01,UNIVERSITY-OF-COLORADO-BOULDER,79
2024-07-26 01:16:13,ROWAN-UNIVERSITY,77
2024-07-26 19:25:18,ROSE-HULMAN,73
2024-07-26 19:32:52,BUCKNELL-UNIVERSITY,33
2024-07-27 14:10:52,COLUMBIA,4
2024-07-27 14:18:42,STEVENS-INSTITUTE-OF-TECHNOLOGY,46
2024-07-27 16:12:03,DAVIDSON-COLLEGE,17
2024-07-27 21:28:20,NORTHERN-ARIZONA-UNIVERSITY,80
2024-07-27 16:47:38,MISSISSIPPI-STATE,70
2024-07-28 16:58:42,MONTANA-STATE-UNIVERSITY,73
2024-07-28 18:06:57,COLUMBIA,4
2024-07-28 20:30:11,UNC,62
2024-07-28 23:13:52,TEXAS-TECH-UNIVERSITY,67
2024-07-29 17:07:44,TRINITY-UNIVERSITY,31
2024-07-29 17:15:06,CREIGHTON-UNIVERSITY,76
2024-07-29 19:18:11,BUCKNELL-UNIVERSITY,33
2024-07-29 20:11:23,CREIGHTON-UNIVERSITY,76
2024-07-30 08:56:48,NORTHEASTERN,7
2024-07-30 13:09:17,COLGATE-UNIVERSITY,12
2024-07-30 14:07:48,WESTERN,27
2024-07-30 14:43:15,CLEMSON-UNIVERSITY,43
2024-07-30 17:07:30,KRISTA-EVANS-DEAN,75
2024-07-30 19:12:48,UNION-COLLEGE,53
2024-07-30 20:27:36,LOYOLA-UNIVERSITY-CHICAGO,79
2024-07-30 20:42:31,UNIVERSITY-OF-CHICAGO,5
2024-07-30 22:32:09,COLUMBIA,4
2024-07-30 17:31:23,UNIVERSITY-OF-WYOMING,96
2024-07-31 15:18:00,COLORADO-SCHOOL-OF-MINES,58
2024-07-31 15:28:16,COLGATE-UNIVERSITY,12
2024-07-31 15:34:49,DENISON-UNIVERSITY,22
2024-07-31 19:27:55,MISSISSIPPI-STATE-UNIVERSITY,70
2024-07-31 20:10:21,GATECH,97
2024-07-31 20:17:06,GONZAGA-UNIVERSITY,70
2024-07-31 21:00:00,OREGON-STATE-UNIVERSITY,83
2024-07-31 21:35:05,TULANE-UNIVERSITY,11
2024-07-31 21:42:00,WILLAMETTE-UNIVERSITY,81
2024-07-31 22:04:53,UNIVERSITY-OF-COLORADO-BOULDER,79
2024-07-31 22:43:07,RENSSELAER-POLYTECHNIC-INSTITUTE,65
2024-07-31 19:38:21,EMBRY-RIDDLE-AERONAUTICAL-UNIVERSITY,65
2024-08-01 06:58:12,WASHINGTON-STATE-UNIVERSITY,83
2024-08-01 13:26:06,CLEMSON-UNIVERSITY,43
2024-08-01 15:07:01,UNIVERSITY-OF-TENNESSEE,83
2024-08-01 15:17:33,OREGONSTATE,83
2024-08-01 15:24:51,LAFAYETTE-COLLEGE,34
2024-08-01 15:50:11,CHAPMAN-UNIVERSITY-,73
2024-08-01 16:10:16,COLORADO-SCHOOL-OF-MINES,58
2024-08-01 16:35:41,UNIVERSITY-OF-TENNESSEE,83
2024-08-01 16:37:56,UC-SAN-DIEGO,53
2024-08-01 18:10:28,BUCKNELL-UNIVERSITY,33
2024-08-01 18:12:11,GEORGE-MASON-UNIVERSITY,90
2024-08-01 18:17:24,ROWAN-UNIVERSITY,77
2024-08-01 18:42:00,WILLAMETTE-UNIVERSITY,81
2024-08-01 18:50:06,UNIVERSITY-OF-CHICAGO,5
2024-08-01 20:07:47,LAUREN-PARCELL-DEAN,75
2024-08-01 20:16:52,SAINT-LOUIS-UNIVERSITY,85
2024-08-01 21:09:49,GATECH,97
2024-08-01 21:11:26,RICE,9
2024-08-01 21:28:21,NORTHERN-ARIZONA-UNIVERSITY,80
2024-08-01 21:42:49,UNIVERSITY-OF-DENVER,78
2024-08-01 21:54:06,DREXEL-UNIVERSITY,80
2024-08-01 22:00:00,ANDREW-MIAMI-UNIVERSITY,51
2024-08-01 22:09:50,DU,61
2024-08-01 22:36:44,NORTHEASTERN,7
2024-08-01 22:59:12,TRINITY-UNIVERSITY,31
2024-08-01 22:59:25,SETON-HALL,75
2024-08-01 23:08:35,UNIVERSITY-OF-COLORADO-BOULDER,79
2024-08-01 23:12:09,TEXAS-TECH-UNIVERSITY,67
2024-08-01 23:12:09,WESTERN-WASHINGTON-UNIVERSITY,93
2024-08-01 19:54:40,IOWA-UNIVERSITY-OF-IOWA,86
2024-08-02 01:11:30,MISSISSIPPI-STATE-UNIVERSITY,70
2024-08-02 01:50:15,MIAMI-UNIVERSITY,100
2024-08-02 02:17:51,CREIGHTON-UNIVERSITY,76
2024-08-02 06:40:38,COLUMBIA,4
2024-08-02 09:24:00,OREGON-STATE-UNIVERSITY,83
2024-08-02 13:00:00,WESTERN,27
2024-08-02 14:42:00,WILLAMETTE-UNIVERSITY,81
2024-08-02 09:02:37,WORCESTER-POLYTECHNIC-INSTITUTE,57
2024-08-02 17:41:08,ROSE-HULMAN,73
2024-08-02 18:38:17,UNION-COLLEGE,53
2024-08-02 19:25:00,WASHINGTON-STATE-UNIVERSITY,83
2024-08-02 20:21:29,DREXEL-UNIVERSITY,80
2024-08-02 20:43:24,ROSE-HULMAN,73
2024-08-03 00:27:14,GATECH,97
2024-08-03 16:46:56,WASHINGTON-STATE-UNIVERSITY,83
2024-08-03 16:56:57,WASHINGTON-STATE-UNIVERSITY,83
2024-08-03 21:45:00,OREGON-STATE-UNIVERSITY,83
2024-08-03 16:48:03,MISSISSIPPI-STATE,70
2024-08-04 21:11:46,UNC,62
2024-08-04 21:23:00,OREGON-STATE-UNIVERSITY,83
2024-08-04 21:41:00,OREGON-STATE-UNIVERSITY,83
2024-08-04 23:13:29,TEXAS-TECH-UNIVERSITY,67
2024-08-05 08:29:53,NORTHEASTERN,7
2024-08-05 08:26:25,ELON-UNIVERSITY,74
2024-08-05 16:58:42,MONTANA-STATE-UNIVERSITY,73
2024-08-05 17:11:04,MISSISSIPPI-STATE-UNIVERSITY,70
2024-08-05 17:54:51,BUCKNELL-UNIVERSITY,33
2024-08-05 19:43:36,ROSE-HULMAN,73
2024-08-05 14:25:29,ARIZONA-STATE-UNIVERSITY,90
2024-08-05 21:53:53,TULANE-UNIVERSITY,11
2024-08-05 22:02:09,GATECH,97
2024-08-05 23:09:23,WILLAMETTE-UNIVERSITY,81
2024-08-06 13:08:48,COLGATE-UNIVERSITY,12
2024-08-06 14:19:14,COLORADO-SCHOOL-OF-MINES,58
2024-08-06 14:52:16,UNIVERSITY-OF-COLORADO-BOULDER,79
2024-08-06 16:24:26,GONZAGA-UNIVERSITY,70
2024-08-06 17:29:28,SETON-HALL,75
2024-08-06 14:01:07,UNIVERSITY-OF-WASHINGTON,48
2024-08-06 20:33:20,ROLLINS-COLLEGE,50
2024-08-06 21:28:22,NORTHERN-ARIZONA-UNIVERSITY,80
2024-08-06 21:42:00,WILLAMETTE-UNIVERSITY,81
2024-08-06 21:45:00,OREGON-STATE-UNIVERSITY,83
2024-08-06 22:25:10,XAVIER-UNIVERSITY,84
2024-08-07 13:00:00,WESTERN,27
2024-08-07 14:09:51,NC-STATE-WILSON-COLLEGE-OF-TEXTILES,94
2024-08-07 14:43:06,NC-STATE,88
2024-08-07 16:43:10,COLBY-COLLEGE-OF-AND-FINANCIAL-AID,8
2024-08-07 18:47:51,CHAPMAN-UNIVERSITY,73
2024-08-07 21:41:00,OREGON-STATE-UNIVERSITY,83
2024-08-07 21:42:00,WILLAMETTE-UNIVERSITY,81
2024-08-07 21:42:00,WILLAMETTE-UNIVERSITY,81
2024-08-08 06:29:01,COLUMBIA,4
2024-08-08 14:42:00,WILLAMETTE-UNIVERSITY,81
2024-08-08 15:27:32,WASHINGTON-STATE-UNIVERSITY,83
2024-08-08 15:40:15,CHAPMAN-UNIVERSITY-EVENTS-&-TOURS,73
2024-08-08 18:52:37,TULANE-UNIVERSITY,11
2024-08-08 20:05:53,COLGATE-UNIVERSITY,12
2024-08-08 20:34:30,TEXAS-TECH-UNIVERSITY,67
2024-08-08 21:04:12,UNIVERSITY-OF-COLORADO-BOULDER,79
2024-08-08 21:25:12,TULANE-UNIVERSITY,11
2024-08-08 21:42:00,WILLAMETTE-UNIVERSITY,81
2024-08-08 21:51:00,OREGON-STATE-UNIVERSITY,83
2024-08-08 22:58:28,MIAMI-UNIVERSITY,100
2024-08-08 23:09:47,SETON-HALL,75
2024-08-08 23:15:02,UNIVERSITY-OF-CHICAGO,5
2024-08-09 00:50:42,WASHINGTON-STATE-UNIVERSITY,83
2024-08-09 13:00:00,WESTERN,27
2024-08-09 14:25:52,MISSISSIPPI-STATE-UNIVERSITY,70
2024-08-09 14:37:00,NC-STATE,88
2024-08-09 16:31:19,GONZAGA-UNIVERSITY,70
2024-08-09 16:58:42,MONTANA-STATE-UNIVERSITY,73
2024-08-09 19:13:02,ROSE-HULMAN,73
2024-08-09 20:11:15,DREXEL-UNIVERSITY,80
2024-08-09 20:13:00,WASHINGTON-STATE-UNIVERSITY,83
2024-08-09 22:43:06,RENSSELAER-POLYTECHNIC-INSTITUTE,65
2024-08-10 06:11:38,UNIVERSITY-OF-TENNESSEE,83
2024-08-10 08:47:47,NORTHEASTERN,7
2024-08-10 15:18:28,SETON-HALL,75
2024-08-10 16:09:47,DAVIDSON-COLLEGE,17
2024-08-10 20:33:22,ROLLINS-COLLEGE,50
2024-08-11 09:52:00,SCHOLARSHIP-OREGON-STATE-UNIVERSITY,83
2024-08-11 14:16:00,UC-SAN-DIEGO,53
2024-08-11 13:10:13,ELON-UNIVERSITY,74
2024-08-11 21:23:00,SCHOLARSHIP-OREGON-STATE-UNIVERSITY,83
2024-08-12 07:02:57,EMBRY-RIDDLE-AERONAUTICAL-UNIVERSITY,65
2024-08-12 13:07:44,COLBY-COLLEGE,8
2024-08-12 18:34:00,DENISON-UNIVERSITY,22
2024-08-12 18:42:00,WILLAMETTE-UNIVERSITY,81
2024-08-12 18:45:16,COLORADO-SCHOOL-OF-MINES,58
2024-08-12 19:17:59,ROSE-HULMAN,73
2024-08-12 20:05:14,XAVIER-UNIVERSITY,84
2024-08-13 10:00:00,UNIVERSITY-OF-TENNESSEE,83
2024-08-13 14:00:00,COLORADO-STATE-UNIVERSITY,91
2024-08-13 14:13:28,COLORADO-SCHOOL-OF-MINES,58
2024-08-13 14:43:16,NC-STATE,88
2024-08-13 09:59:12,IOWA-UNIVERSITY-OF-IOWA,86
2024-08-13 16:00:00,OREGON-STATE-UNIVERSITY,83
2024-08-13 16:38:51,LOYOLA-UNIVERSITY-CHICAGO,79
2024-08-13 12:09:21,MISSISSIPPI-STATE,70
2024-08-13 19:38:56,ROWAN-UNIVERSITY,77
2024-08-13 21:28:22,NORTHERN-ARIZONA-UNIVERSITY,80
2024-08-13 21:42:00,WILLAMETTE-UNIVERSITY,81
2024-08-13 21:47:31,STEVENS-INSTITUTE-OF-TECHNOLOGY,46
2024-08-14 00:07:01,GATECH,97
2024-08-14 00:18:40,UNC,62
2024-08-14 06:09:33,COLUMBIA,4
2024-08-14 13:22:15,HOUSTON-CHRISTIAN-UNIVERSITY,85
2024-08-14 14:42:00,WILLAMETTE-UNIVERSITY,81
2024-08-14 15:44:28,WASHINGTON-STATE-UNIVERSITY,83
2024-08-14 16:58:50,MONTANA-STATE-UNIVERSITY,73
2024-08-14 18:55:51,NC-STATE,88
2024-08-14 21:17:16,MISSISSIPPI-STATE-UNIVERSITY,70
2024-08-14 21:42:49,UNIVERSITY-OF-DENVER,78
2024-08-14 22:43:07,RENSSELAER-POLYTECHNIC-INSTITUTE,65
2024-08-15 06:17:21,UNIVERSITY-OF-TENNESSEE,83
2024-08-15 05:13:01,ELON-UNIVERSITY,74
2024-08-15 16:21:55,MONTANA-STATE-UNIVERSITY,73
2024-08-15 16:39:05,CREIGHTON-UNIVERSITY,76
2024-08-15 16:41:15,MINES,58
2024-08-15 16:50:52,LOYOLA-UNIVERSITY-CHICAGO,79
2024-08-15 12:12:36,MISSISSIPPI-STATE,70
2024-08-15 17:12:33,MINES,58
2024-08-15 17:23:35,MINES,58
2024-08-15 20:33:23,ROLLINS-COLLEGE,50
2024-08-15 21:15:45,DREXEL-UNIVERSITY,80
2024-08-15 21:29:52,TULANE-UNIVERSITY,11
2024-08-15 21:42:00,WILLAMETTE-UNIVERSITY,81
2024-08-15 21:42:00,WILLAMETTE-UNIVERSITY,81
2024-08-15 23:17:17,SETON-HALL,75
2024-08-16 14:41:18,NC-STATE,88
2024-08-16 16:49:34,BUCKNELL-UNIVERSITY,33
2024-08-16 17:09:32,COLGATE-UNIVERSITY,12
2024-08-16 17:32:12,CLEMSON-UNIVERSITY-VISITORS-CENTER,43
2024-08-16 18:16:50,GONZAGA-UNIVERSITY,70
2024-08-16 19:05:57,ROSE-HULMAN,73
2024-08-16 20:35:00,WASHINGTON-STATE-UNIVERSITY,83
2024-08-16 21:30:00,MIAMI-UNIVERSITY,100
2024-08-16 21:42:00,SCHOLARSHIP-OREGON-STATE,83
2024-08-16 21:51:00,OREGONSTATE,83
2024-08-16 22:28:58,UNIVERSITY-OF-CHICAGO,5
2024-08-16 18:18:33,ARIZONA-STATE-UNIVERSITY,90
2024-08-17 07:23:45,WASHINGTON-STATE-UNIVERSITY,83
2024-08-17 14:28:59,NC-STATE,88
2024-08-17 16:05:27,XAVIER-UNIVERSITY,84
2024-08-17 18:38:41,OREGON-STATE-ENGINEERING,83
2024-08-17 21:45:00,OREGON-STATE-UNIVERSITY,83
2024-08-18 14:44:43,WASHINGTON-STATE-UNIVERSITY,83
2024-08-18 21:42:50,UNIVERSITY-OF-DENVER,78
2024-08-19 13:22:32,HOUSTON-CHRISTIAN-UNIVERSITY,85
2024-08-19 14:42:00,WILLAMETTE-UNIVERSITY,81
2024-08-19 14:46:13,NC-STATE,88
2024-08-19 16:33:03,SETON-HALL,75
2024-08-19 16:58:44,MONTANA-STATE-UNIVERSITY,73
2024-08-19 16:58:46,UNIVERSITY-OF-OREGON,86
2024-08-19 18:28:17,NEW-MEXICO-STATE-UNIVERSITY,78
2024-08-19 19:06:31,OREGON-STATE-ENGINEERING,83
2024-08-19 20:57:48,DREXEL,80
2024-08-19 21:10:21,RICE,9
2024-08-19 21:30:58,TULANE-UNIVERSITY,11
2024-08-19 16:10:59,UNIVERSITY-OF-WYOMING,96
2024-08-19 22:25:50,COLORADO-SCHOOL-OF-MINES,58
2024-08-19 22:35:49,JOHNS-HOPKINS-UNIVERSITY,7
2024-08-20 00:58:52,OREGON-TECH,83
2024-08-20 14:42:00,WILLAMETTE-UNIVERSITY,81
2024-08-20 15:39:04,WASHINGTON-STATE-UNIVERSITY,83
2024-08-20 11:09:55,UNIVERSITY-OF-WYOMING,96
2024-08-20 17:51:54,BUCKNELL-UNIVERSITY,33
2024-08-20 19:17:04,ROSE-HULMAN,73
2024-08-20 20:18:38,COLORADO-STATE-UNIVERSITY,91
2024-08-20 14:29:43,EMBRY-RIDDLE-AERONAUTICAL-UNIVERSITY,65
2024-08-20 20:33:24,ROLLINS-COLLEGE,50
2024-08-20 21:00:00,COLORADO-STATE-UNIVERSITY,91
2024-08-20 21:24:00,OREGON-STATE-UNIVERSITY,83
2024-08-20 21:42:00,WILLAMETTE-UNIVERSITY,81
2024-08-20 15:44:06,ASU-EVENTS,84
2024-08-20 22:29:53,UNIVERSITY-OF-CHICAGO,5
2024-08-21 07:25:10,ROWAN-UNIVERSITY,77
2024-08-21 10:32:59,DRURY-UNIVERSITY,63
2024-08-21 16:20:54,COLUMBIA,4
2024-08-21 16:27:37,GONZAGA-UNIVERSITY,70
2024-08-21 16:55:20,UC-SAN-DIEGO,53
2024-08-21 18:25:55,COLORADO-SCHOOL-OF-MINES,58
2024-08-21 20:12:43,ROSE-HULMAN,73
2024-08-21 20:22:54,XAVIER-UNIVERSITY,84
2024-08-21 20:31:04,LAFAYETTE-COLLEGE,34
2024-08-21 20:45:27,DAVIDSON-COLLEGE,17
2024-08-21 21:28:24,NORTHERN-ARIZONA-UNIVERSITY,80
2024-08-21 22:06:59,DREXEL-UNIVERSITY,80
2024-08-22 00:11:33,UNC,62
2024-08-22 16:39:34,COLORADO-SCHOOL-OF-MINES,58
2024-08-22 17:24:43,WASHINGTON-STATE-UNIVERSITY,83
2024-08-22 17:38:58,BUCKNELL-UNIVERSITY,33
2024-08-22 18:15:00,ROWAN-UNIVERSITY,77
2024-08-22 20:28:10,TRINITY-UNIVERSITY,31
2024-08-22 21:42:00,WILLAMETTE-UNIVERSITY,81
2024-08-22 23:10:28,TULANE-UNIVERSITY,11
2024-08-22 23:21:15,SETON-HALL,75
2024-08-23 00:41:04,COLUMBIA,4
2024-08-23 12:35:31,HOFSTRA-UNIVERSITY,69
2024-08-23 14:05:00,UNIVERSITY-OF-COLORADO-BOULDER,79
2024-08-23 14:18:55,NC-STATE,88
2024-08-23 14:43:26,COLORADO-SCHOOL-OF-MINES,58
2024-08-23 17:12:52,GEORGE-MASON-UNIVERSITY,90
2024-08-23 20:11:04,ROSE-HULMAN,73
2024-08-23 21:13:00,WASHINGTON-STATE-UNIVERSITY,83
2024-08-23 21:42:00,WILLAMETTE-UNIVERSITY,81
2024-08-23 21:42:50,UNIVERSITY-OF-DENVER,78
2024-08-24 00:14:04,GATECH,97
2024-08-24 14:48:08,NORTHEASTERN,7
2024-08-24 10:13:16,MISSISSIPPI-STATE,70
2024-08-25 15:13:00,WASHINGTON-STATE-UNIVERSITY,83
2024-08-25 15:21:45,STEVENS-INSTITUTE-OF-TECHNOLOGY,46
2024-08-25 18:15:16,OREGON-STATE-ENGINEERING,83
2024-08-25 18:15:45,GONZAGA-UNIVERSITY,70
2024-08-25 23:22:14,TEXAS-TECH-UNIVERSITY,67
2024-08-26 14:25:41,COLORADO-SCHOOL-OF-MINES,58
2024-08-26 14:42:00,WILLAMETTE-UNIVERSITY,81
2024-08-26 14:55:38,NC-STATE,88
2024-08-26 16:58:02,BUCKNELL-UNIVERSITY,33
2024-08-26 16:58:46,MONTANA-STATE-UNIVERSITY,73
2024-08-26 18:27:21,SAINT-LOUIS-UNIVERSITY,85
2024-08-26 19:52:46,DENISON-UNIVERSITY,22
2024-08-26 20:27:29,LOYOLA-UNIVERSITY-CHICAGO,79
2024-08-26 21:12:17,SYRACUSE-UNIVERSITY,52
2024-08-26 21:28:16,OF-GETTYSBURG-COLLEGE,56
2024-08-26 21:29:00,OREGON-STATE-UNIVERSITY,83
2024-08-26 22:11:07,TULANE-UNIVERSITY,11
2024-08-26 22:24:19,DREXEL-UNIVERSITY,80
2024-08-27 13:22:31,HOUSTON-CHRISTIAN-UNIVERSITY,85
2024-08-27 14:12:37,GEORGE-MASON-UNIVERSITY,90
2024-08-27 14:37:56,COLORADO-SCHOOL-OF-MINES,58
2024-08-27 15:12:38,MISSISSIPPI-STATE-UNIVERSITY,70
2024-08-27 16:04:08,TEXAS-A&M-UNIVERSITY-GALVESTON,63
2024-08-27 17:09:31,TEXAS-A&M-RECRUITMENT,63
2024-08-27 18:23:24,OREGON-STATE-ENGINEERING,83
2024-08-27 20:33:23,ROLLINS-COLLEGE,50
2024-08-27 21:42:00,WILLAMETTE-UNIVERSITY,81
2024-08-27 22:45:54,DREXEL-UNIVERSITY,80
2024-08-27 23:56:07,SETON-HALL,75
2024-08-28 00:24:31,COLUMBIA,4
2024-08-28 02:47:00,WASHINGTON-STATE-UNIVERSITY,83
2024-08-28 14:55:52,TEXAS-A&M-RECRUITMENT,63
2024-08-28 09:02:19,WORCESTER-POLYTECHNIC-INSTITUTE,57
2024-08-28 15:57:50,CREIGHTON-UNIVERSITY,76
2024-08-28 16:52:38,BUCKNELL-UNIVERSITY,33
2024-08-28 17:04:29,UNIVERSITY-OF-COLORADO-COLORADO-SPRINGS,95
2024-08-28 17:06:40,EMBRY-RIDDLE-AERONAUTICAL-UNIVERSITY,65
2024-08-28 21:36:08,UC-SAN-DIEGO,53
2024-08-28 21:42:51,UNIVERSITY-OF-DENVER,78
2024-08-28 22:05:26,TEXAS-A&M-UNIVERSITY,63
2024-08-28 23:12:08,LOYOLA-UNIVERSITY-CHICAGO,79
2024-08-28 23:13:00,XAVIER-UNIVERSITY,84
2024-08-28 17:01:32,TEXAS-TECH,67
2024-08-28 23:33:47,UNIVERSITY-OF-COLORADO-BOULDER,79
2024-08-28 23:43:17,JOHNS-HOPKINS-UNIVERSITY,7
2024-08-29 00:03:31,COLORADO-SCHOOL-OF-MINES,58
2024-08-29 07:30:39,ROWAN-UNIVERSITY,77
2024-08-29 15:00:00,DUKE-UNIVERSITY,6
2024-08-29 16:08:57,COLBY-COLLEGE,8
2024-08-29 16:21:41,COLORADO-SCHOOL-OF-MINES,58
2024-08-29 16:23:23,COLORADO-SCHOOL-OF-MINES,58
2024-08-29 17:15:46,GEORGE-MASON-UNIVERSITY,90
2024-08-29 13:32:41,IOWA-UNIVERSITY-OF-IOWA,86
2024-08-29 15:35:33,HAWAI‘I-PACIFIC-UNIVERSITY,85
2024-08-29 21:16:09,RICE,9
2024-08-29 21:28:22,NORTHERN-ARIZONA-UNIVERSITY,80
2024-08-29 21:42:00,WILLAMETTE-UNIVERSITY,81
2024-08-29 22:42:43,TULANE-UNIVERSITY,11
2024-08-29 23:29:18,SETON-HALL,75
2024-08-30 00:23:39,UNC,62
2024-08-29 18:55:18,ARIZONA-STATE-UNIVERSITY,90
2024-08-30 14:05:00,UNIVERSITY-OF-COLORADO-BOULDER,79
2024-08-30 14:57:58,OREGONSTATE,83
2024-08-30 17:15:41,COLGATE-UNIVERSITY,12
2024-08-30 19:02:34,NEW-MEXICO-STATE-UNIVERSITY,78
2024-08-30 19:18:30,WASHINGTON-STATE-UNIVERSITY,83
2024-08-30 20:07:26,GATECH,97
2024-08-30 20:37:00,WASHINGTON-STATE-UNIVERSITY,83
2024-08-30 21:01:09,ROSE-HULMAN,73
2024-08-30 23:39:39,UNIVERSITY-OF-COLORADO-BOULDER,79
2024-08-30 18:01:27,EMBRY-RIDDLE-AERONAUTICAL-UNIVERSITY,65
2024-08-31 13:22:33,HOUSTON-CHRISTIAN-UNIVERSITY,85
2024-08-31 14:33:07,UC-SAN-DIEGO,53
2024-08-31 18:13:39,UNION-COLLEGE,53
2024-08-31 21:24:00,OREGON-STATE-UNIVERSITY,83
2024-08-31 21:24:00,OREGON-STATE-UNIVERSITY,83
2024-08-31 21:42:00,WILLAMETTE-UNIVERSITY,81
2024-08-31 21:46:00,OREGON-STATE-UNIVERSITY,83
2024-08-31 22:00:00,MIAMI-UNIVERSITY,100
2024-09-01 11:10:46,CLEMSON-UNIVERSITY,43
2024-09-01 09:04:54,MISSISSIPPI-STATE,70
2024-09-01 14:24:45,NC-STATE,88
2024-09-01 14:42:00,WILLAMETTE-UNIVERSITY,81
2024-09-01 16:19:22,MONTANA-STATE-UNIVERSITY,73
2024-09-01 18:14:05,COLUMBIA,4
2024-09-01 19:39:46,UNIVERSITY-OF-CHICAGO,5
2024-09-01 14:06:43,WORCESTER-POLYTECHNIC-INSTITUTE,57
2024-09-02 15:00:00,DUKE-UNIVERSITY,6
2024-09-02 16:22:55,COLORADO-SCHOOL-OF-MINES,58
2024-09-02 16:30:53,LAFAYETTE-COLLEGE,34
2024-09-02 18:28:37,NEW-MEXICO-STATE-UNIVERSITY,78
2024-09-02 15:16:11,DRURY-UNIVERSITY,63
2024-09-02 22:08:32,TEXAS-A&M-RECRUITMENT,63
2024-09-03 00:11:00,GATECH,97
2024-09-03 13:00:00,WESTERN,27
2024-09-03 14:34:47,COLORADO-SCHOOL-OF-MINES,58
2024-09-03 16:16:56,WASHINGTON-STATE-UNIVERSITY,83
2024-09-03 16:58:45,MONTANA-STATE-UNIVERSITY,73
2024-09-03 17:18:04,SETON-HALL,75
2024-09-03 18:15:24,SAINT-LOUIS-UNIVERSITY,85
2024-09-03 14:00:58,UNIVERSITY-OF-WASHINGTON,48
2024-09-03 19:59:33,UNIVERSITY-OF-NORTHERN-COLORADO,84
2024-09-03 20:13:12,GONZAGA-UNIVERSITY,70
2024-09-03 21:00:00,UNIVERSITY-OF-OREGON,86
2024-09-03 21:42:00,WILLAMETTE-UNIVERSITY,81
2024-09-03 21:59:18,TULANE-UNIVERSITY,11
2024-09-03 22:21:41,TRINITY-UNIVERSITY,31
2024-09-03 23:22:37,UNIVERSITY-OF-CHICAGO,5
2024-09-03 23:32:07,UNIVERSITY-OF-COLORADO-BOULDER,79
2024-09-03 23:14:05,IOWA-UNIVERSITY-OF-IOWA,86
2024-09-04 12:15:57,LINFIELD-UNIVERSITY,90
2024-09-04 17:03:58,COLGATE-UNIVERSITY,12
2024-09-04 18:49:10,UNIVERSITY-OF-COLORADO-DENVER,75
2024-09-04 18:59:13,OMAR-MORENO-GETTYSBURG-COLLEGE,56
2024-09-04 19:46:51,STEVENS-INSTITUTE-OF-TECHNOLOGY,46
2024-09-04 19:59:38,OREGON-STATE-UNIVERSITY,83
2024-09-04 20:09:13,ROSE-HULMAN,73
2024-09-04 20:33:25,ROLLINS-COLLEGE,50
2024-09-04 21:00:00,SAINT-LOUIS-UNIVERSITY,85
2024-09-04 21:11:12,LAFAYETTE-COLLEGE,34
2024-09-04 21:28:24,NORTHERN-ARIZONA-UNIVERSITY,80
2024-09-04 21:44:03,UNIVERSITY-OF-DENVER,78
2024-09-04 21:51:46,TRINITY-UNIVERSITY,31
2024-09-04 22:30:00,BAYLOR-UNIVERSITY,46
2024-09-04 23:50:49,UNIVERSITY-OF-COLORADO-BOULDER,79
2024-09-05 01:05:31,WILLAMETTE-UNIVERSITY,81
2024-09-05 13:03:28,GONZAGA-UNIVERSITY,70
2024-09-05 13:22:32,HOUSTON-CHRISTIAN-UNIVERSITY,85
2024-09-05 14:17:56,NC-STATE-WILSON-COLLEGE-OF-TEXTILES,94
2024-09-05 14:50:05,NC-STATE,88
2024-09-05 16:18:02,COLORADO-SCHOOL-OF-MINES,58
2024-09-05 16:25:31,ST.-LAWRENCE-UNIVERSITY,63
2024-09-05 17:04:29,UNIVERSITY-OF-COLORADO-COLORADO-SPRINGS,95
2024-09-05 14:04:00,TEXAS-TECH-UNIVERSITY,67
2024-09-05 20:18:59,EMORY-UNIVERSITY,11
2024-09-05 21:42:00,WILLAMETTE-UNIVERSITY,81
2024-09-05 21:45:39,TULANE-UNIVERSITY,11
2024-09-06 00:04:41,EMBRY-RIDDLE-AERONAUTICAL-UNIVERSITY,65
2024-09-06 00:24:21,COLUMBIA,4
2024-09-06 02:23:23,COLUMBIA,4
2024-09-06 03:22:12,DU,61
2024-09-06 14:08:14,TAMU-ENGINEERING-MCALLEN,49
2024-09-06 14:19:24,GEORGE-MASON-UNIVERSITY,90
2024-09-06 16:00:55,ROWAN,77
2024-09-06 16:30:45,WASHINGTON-STATE-UNIVERSITY,83
2024-09-06 17:57:17,MISSISSIPPI-STATE-UNIVERSITY,70
2024-09-06 14:01:03,FULL-SAIL-UNIVERSITY,69
2024-09-06 18:20:56,SETON-HALL,75
2024-09-06 18:43:24,NEW-MEXICO-STATE-UNIVERSITY,78
2024-09-06 19:05:43,DREXEL-UNIVERSITY,80
2024-09-06 19:43:46,ROSE-HULMAN,73
2024-09-06 20:16:36,EMORY-UNIVERSITY,11
2024-09-06 20:35:32,BUCKNELL-UNIVERSITY,33
2024-09-06 21:16:39,RICE,9
2024-09-06 21:37:00,WASHINGTON-STATE-UNIVERSITY,83
2024-09-06 22:21:19,UNIVERSITY-OF-CHICAGO,5
2024-09-07 00:18:22,UNC,62
2024-09-06 18:42:21,ASU-EVENTS,84
2024-09-07 01:02:55,CHAPMAN-UNIVERSITY-EVENTS-&-TOURS,73
2024-09-07 14:16:48,DUKE-UNIVERSITY,6
2024-09-07 16:11:44,DAVIDSON-COLLEGE,17
2024-09-07 16:17:09,WASHINGTON-UNIVERSITY-ST.-LOUIS,75
2024-09-07 18:23:48,NEW-MEXICO-STATE-UNIVERSITY,78
2024-09-07 18:35:32,NEW-MEXICO-STATE-UNIVERSITY,78
2024-09-08 00:03:29,WORCESTER-POLYTECHNIC-INSTITUTE,57
2024-09-08 14:26:57,COLUMBIA,4
2024-09-08 14:44:39,HOFSTRA-UNIVERSITY,69
2024-09-08 11:00:30,UNIVERSITY-OF-WASHINGTON,48
2024-09-08 10:11:50,ARIZONA-STATE-UNIVERSITY,90
2024-09-08 16:21:37,DENISON-UNIVERSITY,22
2024-09-08 17:16:50,OREGON-TECH,83
2024-09-08 19:59:34,UNIVERSITY-OF-NORTHERN-COLORADO,84
2024-09-08 21:42:00,WILLAMETTE-UNIVERSITY,81
2024-09-08 23:09:37,TEXAS-TECH-UNIVERSITY,67
2024-09-09 01:59:33,LOYOLA-UNIVERSITY-CHICAGO,79
2024-09-09 14:30:55,CREIGHTON-UNIVERSITY,76
2024-09-09 16:15:52,MONTANA-STATE-UNIVERSITY,73
2024-09-09 16:16:11,GONZAGA-UNIVERSITY,70
2024-09-09 16:50:12,HOFSTRA-UNIVERSITY,69
2024-09-09 17:04:30,UNIVERSITY-OF-COLORADO-COLORADO-SPRINGS,95
2024-09-09 18:00:00,UNIVERSITY-OF-TENNESSEE,83
2024-09-09 18:27:41,SAINT-LOUIS-UNIVERSITY,85
2024-09-09 19:32:26,EMORY-UNIVERSITY,11
2024-09-09 19:51:51,ROSE-HULMAN,73
2024-09-09 21:42:00,WILLAMETTE-UNIVERSITY,81
2024-09-09 22:09:23,COLLEGE-OF-ENGINEERING-AND-APPLIED-SCIENCE-UNIVERSITY-OF-COLORADO-BOULDER,14
2024-09-09 22:19:10,DREXEL-UNIVERSITY,80
2024-09-09 22:34:56,DREXEL-UNIVERSITY,80
2024-09-09 23:29:42,WASHINGTON-UNIVERSITY-ST.-LOUIS,75
2024-09-09 23:41:55,SYRACUSE-UNIVERSITY,52
2024-09-09 18:02:45,EMBRY-RIDDLE-AERONAUTICAL-UNIVERSITY,65
2024-09-10 13:22:31,HOUSTON-CHRISTIAN-UNIVERSITY,85
2024-09-10 14:16:21,COLORADO-SCHOOL-OF-MINES,58
2024-09-10 14:27:03,SDSMT,23
2024-09-10 15:23:35,DENISON-UNIVERSITY,22
2024-09-10 10:38:33,MISSISSIPPI-STATE,70
2024-09-10 16:18:59,HASTINGS-COLLEGE,71
2024-09-10 16:54:35,LAFAYETTE-COLLEGE,34
2024-09-10 21:01:50,STEVENS-INSTITUTE-OF-TECHNOLOGY,46
2024-09-10 15:28:11,BARRETT-HONORS-COLLEGE,95
2024-09-10 21:42:00,WILLAMETTE-UNIVERSITY,81
2024-09-10 18:03:08,HAWAI‘I-PACIFIC-UNIVERSITY,85
2024-09-10 22:08:08,TULANE-UNIVERSITY,11
2024-09-10 23:02:40,DU,61
2024-09-11 00:02:18,UNIVERSITY-OF-COLORADO-BOULDER,79
2024-09-11 00:18:22,OREGON-STATE-UNIVERSITY,83
2024-09-11 14:38:36,DENISON-UNIVERSITY,22
2024-09-11 15:18:46,COLGATE-UNIVERSITY,12
2024-09-11 15:24:45,COLBY-COLLEGE-OF-AND-FINANCIAL-AID,8
2024-09-11 16:37:01,NEW-MEXICO-STATE-UNIVERSITY,78
2024-09-11 16:58:45,MONTANA-STATE-UNIVERSITY,73
2024-09-11 17:06:34,SETON-HALL,75
2024-09-11 18:28:07,COLORADO-SCHOOL-OF-MINES,58
2024-09-11 19:06:34,COLUMBIA,4
2024-09-11 19:09:06,UNIVERSITY-OF-COLORADO-BOULDER,79
2024-09-11 20:59:39,ROSE-HULMAN,73
2024-09-11 21:00:00,SAINT-LOUIS-UNIVERSITY,85
2024-09-11 21:10:17,GONZAGA-UNIVERSITY,70
2024-09-11 21:32:59,TRINITY-UNIVERSITY,31
2024-09-11 22:30:00,BAYLOR-UNIVERSITY,46
2024-09-11 19:03:33,LINFIELD-UNIVERSITY,90
2024-09-11 23:12:41,UNION-COLLEGE,53
2024-09-11 17:16:13,EMBRY-RIDDLE-AERONAUTICAL-UNIVERSITY,65
2024-09-12 14:00:00,COLORADO-STATE-UNIVERSITY,91
2024-09-12 14:06:45,DUKE-UNIVERSITY,6
2024-09-12 16:27:28,ST.-LAWRENCE-UNIVERSITY,63
2024-09-12 18:05:08,BUCKNELL-UNIVERSITY,33
2024-09-12 19:18:26,ROSE-HULMAN,73
2024-09-12 19:40:45,HASTINGS-COLLEGE,71
2024-09-12 20:35:12,SAINT-LOUIS-UNIVERSITY,85
2024-09-12 21:17:59,LAFAYETTE-COLLEGE,34
2024-09-12 21:28:42,TULANE-UNIVERSITY,11
2024-09-12 21:38:00,OREGON-STATE-UNIVERSITY,83
2024-09-12 21:42:00,WILLAMETTE-UNIVERSITY,81
2024-09-12 21:44:02,UNIVERSITY-OF-DENVER,78
2024-09-12 22:13:44,TEXAS-A&M-RECRUITMENT,63
2024-09-12 22:23:21,JOHNS-HOPKINS-UNIVERSITY,7
2024-09-13 00:02:50,EMBRY-RIDDLE-AERONAUTICAL-UNIVERSITY,65
2024-09-13 00:27:21,GATECH,97
2024-09-13 02:05:17,UNIVERSITY-OF-CHICAGO,5
2024-09-13 14:34:12,CLEMSON,43
2024-09-13 14:36:50,MISSISSIPPI-STATE-UNIVERSITY,70
2024-09-13 15:23:28,GONZAGA-UNIVERSITY,70
2024-09-13 15:45:53,COLGATE-UNIVERSITY,12
2024-09-13 16:19:02,MONTANA-STATE-UNIVERSITY,73
2024-09-13 17:59:12,BUCKNELL-UNIVERSITY,33
2024-09-13 18:24:44,NEW-MEXICO-STATE-UNIVERSITY,78
2024-09-13 19:18:18,ROSE-HULMAN,73
2024-09-13 19:24:13,WASHINGTON-STATE-UNIVERSITY,83
2024-09-13 20:40:00,WASHINGTON-STATE-UNIVERSITY,83
2024-09-13 21:00:00,SAINT-LOUIS-UNIVERSITY,85
2024-09-13 21:12:31,RICE,9
2024-09-13 22:03:20,LOYOLA-UNIVERSITY-CHICAGO,79
2024-09-14 15:13:40,UNIVERSITY-OF-COLORADO-BOULDER,79
2024-09-14 16:23:32,WASHINGTON-UNIVERSITY-ST.-LOUIS,75
2024-09-14 16:37:34,DAVIDSON-COLLEGE,17
2024-09-14 17:04:31,UNIVERSITY-OF-COLORADO-COLORADO-SPRINGS,95
2024-09-15 00:23:27,UNC,62
2024-09-15 11:35:02,CLEMSON-UNIVERSITY,43
2024-09-15 11:34:59,DRURY-UNIVERSITY,63
2024-09-15 16:18:07,COLUMBIA,4
2024-09-15 16:20:38,SETON-HALL,75
2024-09-15 16:28:12,MONTANA-STATE-UNIVERSITY,73
2024-09-15 18:06:18,UNIVERSITY-OF-COLORADO-DENVER,75
2024-09-15 20:13:35,SYRACUSE-UNIVERSITY-SCHOOL-OF-INFORMATION-STUDIES,52
2024-09-15 22:00:00,ANDREW-MIAMI-UNIVERSITY,51
2024-09-16 13:00:00,WESTERN,27
2024-09-16 14:18:22,GEORGE-MASON-UNIVERSITY,90
2024-09-16 14:45:43,NC-STATE,88
2024-09-16 15:04:55,NEW-MEXICO-STATE-UNIVERSITY,78
2024-09-16 15:33:16,OF-ADMISSIONS-TEXAS-A&M-UNIVERSITY,63
2024-09-16 16:04:22,CREIGHTON-UNIVERSITY,76
2024-09-16 16:17:02,MONTANA-STATE-UNIVERSITY,73
2024-09-16 16:22:15,WESTERN-CAMPUS-VISITS,93
2024-09-16 17:21:38,BUCKNELL-UNIVERSITY,33
2024-09-16 18:28:28,EMORY-UNIVERSITY,11
2024-09-16 19:59:34,UNIVERSITY-OF-NORTHERN-COLORADO,84
2024-09-16 20:40:58,ROSE-HULMAN,73
2024-09-16 21:00:00,SAINT-LOUIS-UNIVERSITY,85
2024-09-16 21:42:00,WILLAMETTE-UNIVERSITY,81
2024-09-16 21:42:00,WILLAMETTE-UNIVERSITY,81
2024-09-16 22:22:25,DREXEL-UNIVERSITY,80
2024-09-17 00:06:51,COLORADO-SCHOOL-OF-MINES,58
2024-09-17 07:06:11,ROWAN-UNIVERSITY,77
2024-09-17 13:22:32,HOUSTON-CHRISTIAN-UNIVERSITY,85
2024-09-17 14:06:28,DUKE-UNIVERSITY,6
2024-09-17 14:58:47,DENISON-UNIVERSITY,22
2024-09-17 15:28:43,COLGATE-UNIVERSITY,12
2024-09-17 16:52:03,BUCKNELL-UNIVERSITY,33
2024-09-17 16:58:45,MONTANA-STATE-UNIVERSITY,73
2024-09-17 18:13:52,SAINT-LOUIS-UNIVERSITY,85
2024-09-17 19:29:11,ROSE-HULMAN,73
2024-09-17 19:36:20,UC-SAN-DIEGO,53
2024-09-17 21:00:00,COLORADO-STATE-UNIVERSITY,91
2024-09-17 21:07:32,UNIVERSITY-OF-COLORADO-BOULDER,79
2024-09-17 21:42:00,WILLAMETTE-UNIVERSITY,81
2024-09-17 21:56:44,DREXEL-UNIVERSITY,80
2024-09-17 22:53:59,TULANE-UNIVERSITY,11
2024-09-17 23:35:17,HOFSTRA-UNIVERSITY,69
2024-09-17 23:59:27,COLUMBIA,4
2024-09-18 00:46:04,GETTYSBURG-COLLEGE,56
2024-09-17 21:23:06,ASU-EVENTS,84
2024-09-18 12:11:57,COLBY-COLLEGE,8
2024-09-18 15:01:26,CREIGHTON-UNIVERSITY,76
2024-09-18 15:07:29,COLGATE,12
2024-09-18 16:16:52,GEORGE-MASON-UNIVERSITY,90
2024-09-18 16:28:35,HASTINGS-COLLEGE,71
2024-09-18 16:29:21,FIT,86
2024-09-18 16:32:27,LAFAYETTE-COLLEGE,34
2024-09-18 16:41:40,SETON-HALL,75
2024-09-18 16:56:24,COLUMBIA,4
2024-09-18 18:48:24,UNION-COLLEGE,53
2024-09-18 15:03:17,LINFIELD-UNIVERSITY,90
2024-09-18 19:19:46,WESTERN-WASHINGTON-UNIVERSITY,93
2024-09-18 19:59:56,COLUMBIA,4
2024-09-18 20:09:05,UNIVERSITY-OF-CHICAGO,5
2024-09-18 20:14:18,ROSE-HULMAN,73
2024-09-18 21:42:00,WILLAMETTE-UNIVERSITY,81
2024-09-18 22:00:00,BAYLOR-UNIVERSITY,46
2024-09-18 23:04:50,ALEXANDRA-SLAUGHTER-TEXAS-A&M-RECRUITER,63
2024-09-18 17:10:08,EMBRY-RIDDLE-AERONAUTICAL-UNIVERSITY,65
2024-09-19 00:29:38,COLUMBIA,4
2024-09-19 00:31:10,NEW-MEXICO-STATE-UNIVERSITY,78
2024-09-19 00:42:08,HASTINGS-COLLEGE,71
2024-09-19 01:17:10,UNIVERSITY-OF-CHICAGO,5
2024-09-19 14:07:33,HOUSTON-CHRISTIAN-UNIVERSITY,85
2024-09-19 15:10:39,MASTERS-UNIVERSITY,78
2024-09-19 16:07:06,HOUSTON-CHRISTIAN-UNIVERSITY,85
2024-09-19 17:04:31,UNIVERSITY-OF-COLORADO-COLORADO-SPRINGS,95
2024-09-19 18:31:53,STEVENS-INSTITUTE-OF-TECHNOLOGY,46
2024-09-19 19:57:35,UC-SAN-DIEGO,53
2024-09-19 20:07:27,RACHEL-RITTER-REGIONAL-RECRUITMENT-DIRECTOR,96
2024-09-19 20:07:52,EMORY-UNIVERSITY,11
2024-09-19 20:26:23,COLUMBIA,4
2024-09-19 21:15:29,ROSE-HULMAN,73
2024-09-19 21:42:00,WILLAMETTE-UNIVERSITY,81
2024-09-19 21:42:19,TRINITY-UNIVERSITY,31
2024-09-19 22:20:29,DREXEL-UNIVERSITY,80
2024-09-19 22:23:18,HOFSTRA-UNIVERSITY,69
2024-09-19 22:33:00,TULANE-UNIVERSITY,11
2024-09-19 22:56:12,MASTERS-UNIVERSITY,78
2024-09-19 18:01:49,WORCESTER-POLYTECHNIC-INSTITUTE,57
2024-09-20 00:04:59,EMBRY-RIDDLE-AERONAUTICAL-UNIVERSITY,65
2024-09-19 18:05:06,EMBRY-RIDDLE-AERONAUTICAL-UNIVERSITY,65
2024-09-20 13:49:22,DREXEL-UNIVERSITY,80
2024-09-20 14:16:12,CLEMSON,43
2024-09-20 15:06:50,HOUSTON-CHRISTIAN-UNIVERSITY,85
2024-09-20 15:08:28,UC-SAN-DIEGO,53
2024-09-20 15:19:10,COLBY-COLLEGE-OF-ADMISISONS-AND-FINANCIAL-AID,8
2024-09-20 16:03:49,WASHINGTON-STATE-UNIVERSITY,83
2024-09-20 16:32:54,NORTHWEST-5-CONSORTIUM,95
2024-09-20 16:53:37,SETON-HALL,75
2024-09-20 18:06:36,HOUSTON-CHRISTIAN-UNIVERSITY,85
2024-09-20 12:35:05,EMBRY-RIDDLE-AERONAUTICAL-UNIVERSITY,65
2024-09-20 19:11:39,MASTERS-UNIVERSITY,78
2024-09-20 15:21:38,FULL-SAIL-UNIVERSITY,69
2024-09-20 19:59:35,UNIVERSITY-OF-NORTHERN-COLORADO,84
2024-09-20 20:13:00,WASHINGTON-STATE-UNIVERSITY,83
2024-09-20 20:31:58,ROSE-HULMAN,73
2024-09-20 21:21:00,OREGON-STATE-UNIVERSITY,83
2024-09-20 21:44:06,UNIVERSITY-OF-DENVER,78
2024-09-20 21:59:14,UNIVERSITY-OF-CHICAGO,5
2024-09-20 22:10:39,COLLEGE-OF-ENGINEERING-AND-APPLIED-SCIENCE-UNIVERSITY-OF-COLORADO-BOULDER,14
2024-09-20 22:18:17,TRINITY-UNIVERSITY,31
2024-09-20 22:49:14,MASTERS-UNIVERSITY,78
2024-09-21 00:25:02,ST.-LAWRENCE-UNIVERSITY,63
2024-09-21 04:13:39,WORCESTER-POLYTECHNIC-INSTITUTE,57
2024-09-21 14:06:22,UNC,62
2024-09-21 14:11:24,COLORADO-STATE-UNIVERSITY,91
2024-09-21 14:13:24,TEXAS-TECH-UNIVERSITY,67
2024-09-21 14:36:51,UNIVERSITY-OF-COLORADO-DENVER,75
2024-09-21 11:20:35,MISSISSIPPI-STATE,70
2024-09-21 16:28:48,BUCKNELL-UNIVERSITY,33
2024-09-21 11:59:07,IOWA-UNIVERSITY-OF-IOWA,86
2024-09-21 18:19:26,NEW-MEXICO-STATE-UNIVERSITY,78
2024-09-21 22:02:45,UNIVERSITY-OF-FLORIDA,23
2024-09-21 22:48:22,MASTERS-UNIVERSITY,78
2024-09-22 14:14:11,NEW-MEXICO-STATE-UNIVERSITY,78
2024-09-22 11:00:11,UNIVERSITY-OF-WASHINGTON,48
2024-09-22 16:02:33,COLUMBIA,4
2024-09-22 16:16:41,NORTHERN-ARIZONA-UNIVERSITY,80
2024-09-22 17:06:45,XAVIER-UNIVERSITY,84
2024-09-22 20:13:53,SYRACUSE-UNIVERSITY,52
2024-09-22 17:01:21,TEXAS-TECH,67
2024-09-22 23:18:48,TEXAS-TECH-UNIVERSITY,67
2024-09-22 20:04:35,HAWAII-PACIFIC-UNIVERSITY,85
2024-09-23 07:03:06,ROWAN-UNIVERSITY,77
2024-09-23 13:16:20,COLBY-COLLEGE,8
2024-09-23 14:42:00,WILLAMETTE-UNIVERSITY,81
2024-09-23 16:16:35,NORTHERN-ARIZONA-UNIVERSITY,80
2024-09-23 16:47:14,BUCKNELL-UNIVERSITY,33
2024-09-23 17:46:05,UNIVERSITY-OF-TENNESSEE,83
2024-09-23 18:28:23,SAINT-LOUIS-UNIVERSITY,85
2024-09-23 18:44:28,SAINT-LOUIS-UNIVERSITY,85
2024-09-23 18:48:11,UNC,62
2024-09-23 19:41:55,ROSE-HULMAN,73
2024-09-23 20:52:45,MISSISSIPPI-STATE-UNIVERSITY,70
2024-09-23 21:02:53,WASHINGTON-UNIVERSITY-ST.-LOUIS,75
2024-09-23 22:11:17,ROSE-HULMAN,73
2024-09-23 17:30:58,UNIVERSITY-OF-WASHINGTON,48
2024-09-23 22:39:29,TRINITY-UNIVERSITY,31
2024-09-24 00:39:41,WASHINGTON-STATE-UNIVERSITY,83
2024-09-24 00:39:52,LOYOLA-UNIVERSITY-CHICAGO,79
2024-09-24 07:11:06,NEW-MEXICO-STATE-UNIVERSITY,78
2024-09-24 12:41:12,COLUMBIA,4
2024-09-24 12:48:43,DREXEL-UNIVERSITY,80
2024-09-24 15:22:16,COLORADO-SCHOOL-OF-MINES,58
2024-09-24 15:26:05,COLGATE-UNIVERSITY,12
2024-09-24 15:51:29,WASHINGTON-STATE-UNIVERSITY,83
2024-09-24 16:00:00,TEXAS-A&M-UNIVERSITY-GALVESTON,63
2024-09-24 16:26:10,BUCKNELL-UNIVERSITY,33
2024-09-24 17:11:43,WASHINGTON-UNIVERSITY-ST.-LOUIS,75
2024-09-24 17:13:29,MONTANA-STATE-UNIVERSITY,73
2024-09-24 19:34:26,ROSE-HULMAN,73
2024-09-24 21:42:00,WILLAMETTE-UNIVERSITY,81
2024-09-24 21:42:00,WILLAMETTE-UNIVERSITY,81
2024-09-24 21:42:23,SYRACUSE-UNIVERSITY,52
2024-09-24 22:06:50,DREXEL-UNIVERSITY,80
2024-09-24 22:11:50,UNIVERSITY-OF-COLORADO-BOULDER,79
2024-09-24 22:18:02,TULANE-UNIVERSITY,11
2024-09-24 22:30:00,BAYLOR-UNIVERSITY,46
2024-09-24 23:11:24,MASTERS-UNIVERSITY,78
2024-09-25 00:16:12,UNIVERSITY-OF-MINNESOTA-TWIN-CITIES,75
2024-09-25 00:22:00,DU,61
2024-09-25 00:42:46,COLUMBIA,4
2024-09-25 00:51:02,UNIVERSITY-OF-NOTRE-DAME,13
2024-09-24 18:59:28,ARIZONA-STATE-UNIVERSITY,90
2024-09-25 13:22:32,HOUSTON-CHRISTIAN-UNIVERSITY,85
2024-09-25 15:10:19,DENISON-UNIVERSITY,22
2024-09-25 16:11:20,HASTINGS,71
2024-09-25 16:33:02,UNC,62
2024-09-25 16:38:09,CHAPMAN-UNIVERSITY-,73
2024-09-25 16:44:29,BUCKNELL-UNIVERSITY,33
2024-09-25 17:13:46,NC-STATE,88
2024-09-25 11:35:58,UNIVERSITY-OF-WYOMING,96
2024-09-25 12:11:16,EMBRY-RIDDLE-AERONAUTICAL-UNIVERSITY,65
2024-09-25 19:16:55,COLORADO-SCHOOL-OF-MINES,58
2024-09-25 19:58:44,SETON-HALL,75
2024-09-25 19:59:35,UNIVERSITY-OF-NORTHERN-COLORADO,84
2024-09-25 20:11:37,UNIVERSITY-OF-COLORADO-BOULDER,79
2024-09-25 20:16:28,TEXAS-TECH-UNIVERSITY,67
2024-09-25 20:32:11,STEVENS-INSTITUTE-OF-TECHNOLOGY,46
2024-09-25 20:54:33,SYRACUSE-UNIVERSITY-COLLEGE-OF-ENGINEERING-&-COMPUTER-SCIENCE,52
2024-09-25 21:22:00,CHAPMAN-UNIVERSITY,73
2024-09-25 21:28:33,NORTHERN-ARIZONA-UNIVERSITY,80
2024-09-25 21:37:38,UNIVERSITY-OF-CHICAGO,5
2024-09-25 21:50:12,DREXEL-UNIVERSITY,80
2024-09-25 22:16:26,ST.-LAWRENCE-UNIVERSITY,63
2024-09-25 22:36:36,UNIVERSITY-OF-CHICAGO,5
2024-09-25 19:05:27,LINFIELD-UNIVERSITY,90
2024-09-25 17:15:11,EMBRY-RIDDLE-AERONAUTICAL-UNIVERSITY,65
2024-09-26 01:08:22,COLUMBIA,4
2024-09-25 19:31:11,UNIVERSITY-OF-COLORADO-COLORADO-SPRINGS,95
2024-09-26 14:06:31,GEORGE-MASON-UNIVERSITY,90
2024-09-26 16:37:38,LAFAYETTE-COLLEGE,34
2024-09-26 12:01:27,UNIVERSITY-OF-WASHINGTON,48
2024-09-26 17:04:31,UNIVERSITY-OF-COLORADO-COLORADO-SPRINGS,95
2024-09-26 18:45:47,NORTHWEST-5-CONSORTIUM,95
2024-09-26 19:21:01,ELLEN-SWEENEY-UNIVERSITY-OF-COLORADO-DENVER,14
2024-09-26 19:54:08,WASHINGTON-STATE-UNIVERSITY,83
2024-09-26 20:00:00,COLORADO-STATE-UNIVERSITY,91
2024-09-26 20:16:34,XAVIER-UNIVERSITY,84
2024-09-26 20:17:27,EMORY-UNIVERSITY,11
2024-09-26 20:47:41,UC-SAN-DIEGO,53
2024-09-26 14:55:57,TEXAS-TECH-UNIVERSITY,67
2024-09-26 21:42:00,WILLAMETTE-UNIVERSITY,81
2024-09-26 21:44:05,UNIVERSITY-OF-DENVER,78
2024-09-26 21:59:09,DREXEL-UNIVERSITY,80
2024-09-26 22:02:46,UNIVERSITY-OF-FLORIDA,23
2024-09-26 22:16:04,TEXAS-A&M-RECRUITMENT,63
2024-09-26 22:27:26,TULANE-UNIVERSITY,11
2024-09-26 23:20:44,COLBY-COLLEGE-OF-AND-FINANCIAL-AID,8
2024-09-27 00:02:53,EMBRY-RIDDLE-AERONAUTICAL-UNIVERSITY,65
2024-09-27 00:46:50,UNIVERSITY-OF-COLORADO-BOULDER,79
2024-09-26 19:30:41,UNIVERSITY-OF-COLORADO-COLORADO-SPRINGS,95
2024-09-27 01:35:18,UNIVERSITY-OF-DENVER,78
2024-09-27 08:43:51,LONG-ISLAND-UNIVERSITY,93
2024-09-27 16:29:55,SETON-HALL,75
2024-09-27 17:13:13,GEORGE-MASON-UNIVERSITY,90
2024-09-27 15:13:54,DRURY-UNIVERSITY,63
2024-09-27 20:08:46,COLUMBIA,4
2024-09-27 20:13:40,ROSE-HULMAN,73
2024-09-27 20:37:00,WASHINGTON-STATE-UNIVERSITY,83
2024-09-27 21:14:39,COLLEGE-OF-ENGINEERING-AND-APPLIED-SCIENCE-UNIVERSITY-OF-COLORADO-BOULDER,14
2024-09-27 22:17:10,HOFSTRA-UNIVERSITY,69
2024-09-27 22:27:31,DREXEL-UNIVERSITY,80
2024-09-27 23:05:43,COLUMBIA,4
2024-09-27 23:17:20,MASTERS-UNIVERSITY,78
2024-09-28 00:38:46,VASSAR-COLLEGE,19
2024-09-28 14:48:34,NEW-MEXICO-STATE-UNIVERSITY,78
2024-09-28 15:13:24,WASHINGTON-STATE-UNIVERSITY,83
2024-09-28 16:12:41,GEORGE-MASON-UNIVERSITY,90
2024-09-28 16:14:19,COLORADO-SCHOOL-OF-MINES,58
2024-09-28 16:23:27,WASHINGTON-UNIVERSITY-ST.-LOUIS,75
2024-09-28 16:35:57,DAVIDSON-COLLEGE,17
2024-09-28 17:09:56,OREGON-TECH,83
2024-09-28 16:47:26,MISSISSIPPI-STATE,70
2024-09-28 17:03:46,UNIVERSITY-OF-WYOMING,96
2024-09-29 15:48:23,SETON-HALL,75
2024-09-29 18:06:40,EMBRY-RIDDLE-AERONAUTICAL-UNIVERSITY,65
2024-09-30 13:00:00,WESTERN,27
2024-09-30 13:33:09,COLBY-COLLEGE-OF-ADMISISONS-AND-FINANCIAL-AID,8
2024-09-30 14:57:58,UC-SAN-DIEGO,53
2024-09-30 15:59:33,CREIGHTON-UNIVERSITY,76
2024-09-30 17:08:14,TEXAS-A&M-RECRUITMENT,63
2024-09-30 18:27:33,UNC,62
2024-09-30 18:45:43,OREGON-STATE-ENGINEERING,83
2024-09-30 18:50:01,COLLEGE-OF-ENGINEERING-AND-APPLIED-SCIENCE-UNIVERSITY-OF-COLORADO-BOULDER,14
2024-09-30 19:06:22,COLUMBIA,4
2024-09-30 19:51:36,ROSE-HULMAN,73
2024-09-30 19:59:36,UNIVERSITY-OF-NORTHERN-COLORADO,84
2024-09-30 20:09:24,GATECH,97
2024-09-30 21:25:00,OREGON-STATE-UNIVERSITY,83
2024-09-30 22:00:00,ANDREW-MIAMI-UNIVERSITY,51
2024-09-30 22:49:39,TRINITY-UNIVERSITY,31
2024-09-30 23:04:38,WILLAMETTE-UNIVERSITY,81
2024-09-30 23:48:49,UNIVERSITY-OF-COLORADO-BOULDER,79
2024-10-01 00:00:00,MIAMIOH,19
2024-10-01 00:31:18,UNIVERSITY-OF-OREGON,86
2024-10-01 00:42:29,UNIVERSITY-OF-NOTRE-DAME,13
2024-10-01 01:09:07,MASTERS-UNIVERSITY,78
2024-10-01 01:35:59,DU,61
2024-10-01 06:32:01,NEW-MEXICO-STATE-UNIVERSITY,78
2024-10-01 10:30:00,BAYLOR-UNIVERSITY,46
2024-10-01 09:21:16,MISSISSIPPI-STATE,70
2024-10-01 14:38:08,NC-STATE,88
2024-10-01 14:45:25,VASSAR-COLLEGE,19
2024-10-01 14:46:39,LOYOLA-UNIVERSITY-CHICAGO,79
2024-10-01 14:49:02,UNIVERSITY-OF-MINNESOTA-TWIN-CITIES,75
2024-10-01 14:58:18,UNC,62
2024-10-01 15:26:26,HOUSTON-CHRISTIAN-UNIVERSITY,85
2024-10-01 15:34:51,DENISON-UNIVERSITY,22
2024-10-01 15:46:43,CLEMSON-UNIVERSITY,43
2024-10-01 15:47:58,COLUMBIA,4
2024-10-01 16:19:32,CREIGHTON-UNIVERSITY,76
2024-10-01 16:28:02,ST.-LAWRENCE-UNIVERSITY,63
2024-10-01 16:29:25,HASTINGS,71
2024-10-01 16:35:55,UC-SAN-DIEGO,53
2024-10-01 10:56:08,UNIVERSITY-OF-WYOMING,96
2024-10-01 11:05:08,EMBRY-RIDDLE-AERONAUTICAL-UNIVERSITY,65
2024-10-01 11:09:26,UNIVERSITY-OF-WYOMING,96
2024-10-01 17:25:24,NORTHERN-ARIZONA-UNIVERSITY,80
2024-10-01 17:44:18,COLGATE-UNIVERSITY,12
2024-10-01 18:09:07,UNIVERSITY-OF-NORTHERN-COLORADO,84
2024-10-01 18:25:03,MASTERS-UNIVERSITY,78
2024-10-01 19:06:42,MISSISSIPPI-STATE-UNIVERSITY,70
2024-10-01 19:09:54,DREXEL-UNIVERSITY,80
2024-10-01 20:02:33,XAVIER-UNIVERSITY,84
2024-10-01 20:44:54,UNION-COLLEGE,53
2024-10-01 21:00:16,HOFSTRA-UNIVERSITY,69
2024-10-01 21:08:46,COLORADO-SCHOOL-OF-MINES,58
2024-10-01 21:42:00,WILLAMETTE-UNIVERSITY,81
2024-10-01 21:45:46,STEVENS-INSTITUTE-OF-TECHNOLOGY,46
2024-10-01 22:12:22,WESTERN-WASHINGTON-UNIVERSITY,93
2024-10-01 22:35:40,TULANE-UNIVERSITY,11
2024-10-01 22:38:22,TRINITY-UNIVERSITY,31
2024-10-01 22:47:24,UNIVERSITY-OF-COLORADO-BOULDER,79
2024-10-01 17:06:09,TEXAS-TECH-UNIVERSITY,67
2024-10-02 00:00:00,OXFORD-COLLEGE-OF-EMORY-UNIVERSITY,11
2024-10-02 00:21:08,NORTHEASTERN,7
2024-10-01 18:49:19,ARIZONA-STATE-UNIVERSITY,90
2024-10-02 01:00:25,GETTYSBURG-COLLEGE,56
2024-10-02 01:09:43,ROWAN-UNIVERSITY,77
2024-10-02 07:11:19,NEW-MEXICO-STATE-UNIVERSITY,78
2024-10-02 14:02:43,COLORADO-SCHOOL-OF-MINES,58
2024-10-02 15:22:46,UNIVERSITY-OF-DENVER,78
2024-10-02 15:49:48,MASTERS-UNIVERSITY,78
2024-10-02 16:23:40,SETON-HALL,75
2024-10-02 16:38:22,FIT,86
2024-10-02 19:25:32,UC-SAN-DIEGO,53
2024-10-02 21:42:00,WILLAMETTE-UNIVERSITY,81
2024-10-02 21:42:00,WILLAMETTE-UNIVERSITY,81
2024-10-02 22:14:47,UNIVERSITY-OF-DENVER,78
2024-10-02 22:28:51,NORTHEASTERN,7
2024-10-02 22:34:48,UNIVERSITY-OF-COLORADO-BOULDER,79
2024-10-03 05:00:26,UNIVERSITY-OF-COLORADO-COLORADO-SPRINGS,95
2024-10-03 13:24:36,HOUSTON-CHRISTIAN-UNIVERSITY,85
2024-10-03 14:23:56,COLORADO-SCHOOL-OF-MINES,58
2024-10-03 16:13:56,RENSSELAER-POLYTECHNIC-INSTITUTE,65
2024-10-03 16:22:42,HASTINGS-COLLEGE,71
2024-10-03 16:50:21,MISSISSIPPI-STATE-UNIVERSITY,70
2024-10-03 16:56:10,NEW-MEXICO-STATE-UNIVERSITY,78
2024-10-03 18:42:44,EMORY-UNIVERSITY,11
2024-10-03 15:03:39,LINFIELD-UNIVERSITY,90
2024-10-03 19:17:31,TEXAS-TECH-UNIVERSITY,67
2024-10-03 19:20:16,EMORY-UNIVERSITY,11
2024-10-03 19:34:50,COLORADO-SCHOOL-OF-MINES,58
2024-10-03 19:38:03,LAFAYETTE,34
2024-10-03 19:55:24,LAFAYETTE-COLLEGE,34
2024-10-03 20:26:55,MASTERS-UNIVERSITY,78
2024-10-03 20:52:55,XAVIER-UNIVERSITY,84
2024-10-03 20:53:01,BUCKNELL-UNIVERSITY,33
2024-10-03 21:00:00,SAINT-LOUIS-UNIVERSITY,85
2024-10-03 21:42:00,WILLAMETTE-UNIVERSITY,81
2024-10-03 21:48:16,ROWAN-UNIVERSITY,77
2024-10-03 22:15:41,TRINITY-UNIVERSITY,31
2024-10-03 22:29:59,TULANE-UNIVERSITY,11
2024-10-03 22:32:26,SYRACUSE-UNIVERSITY,52
2024-10-03 22:41:08,DREXEL-UNIVERSITY,80
2024-10-03 22:52:08,GETTYSBURG-COLLEGE,56
2024-10-03 17:18:25,EMBRY-RIDDLE-AERONAUTICAL-UNIVERSITY,65
2024-10-03 23:28:06,COLUMBIA,4
2024-10-04 00:03:25,EMBRY-RIDDLE-AERONAUTICAL-UNIVERSITY,65
2024-10-03 18:05:14,TEXAS-TECH-UNIVERSITY,67
2024-10-04 00:13:55,JOHNS-HOPKINS-UNIVERSITY,7
2024-10-04 00:23:22,COLORADO-STATE-UNIVERSITY,91
2024-10-04 00:26:34,OREGONSTATE,83
2024-10-04 00:29:24,DU,61
2024-10-03 18:31:14,NETID@COLOSTATE.EDU,98
2024-10-03 18:33:43,NETID@COLOSTATE.EDU,98
2024-10-03 16:57:14,ASUS-IRA-A.-FULTON-SCHOOLS-OF-ENGINEERING,63
2024-10-03 19:36:13,MISSISSIPPI-STATE,70
2024-10-04 01:26:31,UNIVERSITY-OF-CHICAGO,5
